{
  "000_000": {
    "edges": [
      "000_001"
    ],
    "local_location": [
      1.57841,
      0.413108,
      0
    ]
  },
  "000_001": {
    "edges": [
      "000_000",
      "000_002"
    ],
    "local_location": [
      1.7630792044600871,
      5.409696564703329,
      0
    ]
  },
  "000_002": {
    "edges": [
      "000_001",
      "000_003"
    ],
    "local_location": [
      1.947748408920174,
      10.406285129406657,
      0
    ]
  },
  "000_003": {
    "edges": [
      "000_002",
      "000_004"
    ],
    "local_location": [
      2.132417613380261,
      15.402873694109985,
      0
    ]
  },
  "000_004": {
    "edges": [
      "000_003",
      "000_005"
    ],
    "local_location": [
      2.317086817840348,
      20.399462258813315,
      0
    ]
  },
  "000_005": {
    "edges": [
      "000_004",
      "001_000",
      "001_000"
    ],
    "local_location": [
      2.4572,
      24.1905,
      0
    ]
  },
  "001_000": {
    "edges": [
      "001_001",
      "000_005",
      "000_005"
    ],
    "local_location": [
      0.996263,
      0.2118,
      0
    ]
  },
  "001_001": {
    "edges": [
      "001_000",
      "001_002"
    ],
    "local_location": [
      1.2997588236995288,
      -4.778980528634468,
      0
    ]
  },
  "001_002": {
    "edges": [
      "001_001",
      "001_003"
    ],
    "local_location": [
      1.6032546473990574,
      -9.769761057268937,
      0
    ]
  },
  "001_003": {
    "edges": [
      "001_002",
      "001_004"
    ],
    "local_location": [
      1.906750471098586,
      -14.760541585903406,
      0
    ]
  },
  "001_004": {
    "edges": [
      "001_003",
      "001_005"
    ],
    "local_location": [
      2.210246294798115,
      -19.751322114537874,
      0
    ]
  },
  "001_005": {
    "edges": [
      "001_004",
      "001_006"
    ],
    "local_location": [
      2.5137421184976434,
      -24.742102643172345,
      0
    ]
  },
  "001_006": {
    "edges": [
      "001_005",
      "001_007"
    ],
    "local_location": [
      2.79438,
      -29.357,
      0
    ]
  },
  "001_007": {
    "edges": [
      "001_006",
      "001_008"
    ],
    "local_location": [
      -1.9225719594426462,
      -31.015422205685326,
      0
    ]
  },
  "001_008": {
    "edges": [
      "001_007",
      "001_009",
      "003_000",
      "003_000"
    ],
    "local_location": [
      -4.46526,
      -31.9094,
      0
    ]
  },
  "001_009": {
    "edges": [
      "001_008",
      "001_010"
    ],
    "local_location": [
      -3.443911515337594,
      -36.80397324726864,
      0
    ]
  },
  "001_010": {
    "edges": [
      "001_009",
      "001_011"
    ],
    "local_location": [
      -2.422563030675188,
      -41.69854649453727,
      0
    ]
  },
  "001_011": {
    "edges": [
      "001_010",
      "001_012"
    ],
    "local_location": [
      -1.401214546012782,
      -46.5931197418059,
      0
    ]
  },
  "001_012": {
    "edges": [
      "001_011",
      "001_013"
    ],
    "local_location": [
      -0.37986606135037615,
      -51.48769298907453,
      0
    ]
  },
  "001_013": {
    "edges": [
      "001_012",
      "001_014"
    ],
    "local_location": [
      0.6414824233120306,
      -56.38226623634316,
      0
    ]
  },
  "001_014": {
    "edges": [
      "001_013",
      "001_015"
    ],
    "local_location": [
      1.6628309079744357,
      -61.276839483611795,
      0
    ]
  },
  "001_015": {
    "edges": [
      "001_014",
      "002_000",
      "002_000"
    ],
    "local_location": [
      2.24764,
      -64.0794,
      0
    ]
  },
  "002_000": {
    "edges": [
      "002_001",
      "001_015",
      "001_015"
    ],
    "local_location": [
      0.884402,
      0.123075,
      0
    ]
  },
  "002_001": {
    "edges": [
      "002_000",
      "002_002"
    ],
    "local_location": [
      -0.6483156428015174,
      -4.636208205215357,
      0
    ]
  },
  "002_002": {
    "edges": [
      "002_001",
      "002_003"
    ],
    "local_location": [
      -1.98478,
      -8.7861,
      0
    ]
  },
  "002_003": {
    "edges": [
      "002_002",
      "002_004"
    ],
    "local_location": [
      -6.984683255662615,
      -8.754996398691123,
      0
    ]
  },
  "002_004": {
    "edges": [
      "002_003",
      "002_005"
    ],
    "local_location": [
      -11.984586511325231,
      -8.723892797382248,
      0
    ]
  },
  "002_005": {
    "edges": [
      "002_004",
      "002_006"
    ],
    "local_location": [
      -16.984489766987846,
      -8.692789196073372,
      0
    ]
  },
  "002_006": {
    "edges": [
      "002_005",
      "002_007"
    ],
    "local_location": [
      -21.984393022650462,
      -8.661685594764498,
      0
    ]
  },
  "002_007": {
    "edges": [
      "002_006",
      "002_008"
    ],
    "local_location": [
      -26.984296278313078,
      -8.630581993455621,
      0
    ]
  },
  "002_008": {
    "edges": [
      "002_007",
      "002_009"
    ],
    "local_location": [
      -31.984199533975694,
      -8.599478392146747,
      0
    ]
  },
  "002_009": {
    "edges": [
      "002_008",
      "002_010"
    ],
    "local_location": [
      -36.98410278963831,
      -8.56837479083787,
      0
    ]
  },
  "002_010": {
    "edges": [
      "002_009",
      "002_011"
    ],
    "local_location": [
      -41.98400604530092,
      -8.537271189528994,
      0
    ]
  },
  "002_011": {
    "edges": [
      "002_010",
      "002_012"
    ],
    "local_location": [
      -46.98390930096354,
      -8.50616758822012,
      0
    ]
  },
  "002_012": {
    "edges": [
      "002_011",
      "002_013"
    ],
    "local_location": [
      -51.983812556626155,
      -8.475063986911243,
      0
    ]
  },
  "002_013": {
    "edges": [
      "002_012",
      "002_014"
    ],
    "local_location": [
      -56.98371581228877,
      -8.443960385602368,
      0
    ]
  },
  "002_014": {
    "edges": [
      "002_013",
      "002_015"
    ],
    "local_location": [
      -61.98361906795139,
      -8.412856784293492,
      0
    ]
  },
  "002_015": {
    "edges": [
      "002_014",
      "002_016"
    ],
    "local_location": [
      -66.983522323614,
      -8.381753182984616,
      0
    ]
  },
  "002_016": {
    "edges": [
      "002_015",
      "002_017"
    ],
    "local_location": [
      -71.98342557927661,
      -8.350649581675741,
      0
    ]
  },
  "002_017": {
    "edges": [
      "002_016",
      "002_018"
    ],
    "local_location": [
      -76.98332883493923,
      -8.319545980366865,
      0
    ]
  },
  "002_018": {
    "edges": [
      "002_017",
      "002_019"
    ],
    "local_location": [
      -81.98323209060185,
      -8.28844237905799,
      0
    ]
  },
  "002_019": {
    "edges": [
      "002_018",
      "002_020"
    ],
    "local_location": [
      -86.98313534626446,
      -8.257338777749114,
      0
    ]
  },
  "002_020": {
    "edges": [
      "002_019",
      "002_021"
    ],
    "local_location": [
      -91.98303860192708,
      -8.226235176440237,
      0
    ]
  },
  "002_021": {
    "edges": [
      "002_020",
      "002_022"
    ],
    "local_location": [
      -96.9829418575897,
      -8.195131575131363,
      0
    ]
  },
  "002_022": {
    "edges": [
      "002_021",
      "002_023"
    ],
    "local_location": [
      -101.98284511325231,
      -8.164027973822487,
      0
    ]
  },
  "002_023": {
    "edges": [
      "002_022",
      "002_024"
    ],
    "local_location": [
      -106.98274836891493,
      -8.132924372513612,
      0
    ]
  },
  "002_024": {
    "edges": [
      "002_023",
      "002_025"
    ],
    "local_location": [
      -111.98265162457754,
      -8.101820771204736,
      0
    ]
  },
  "002_025": {
    "edges": [
      "002_024",
      "002_026"
    ],
    "local_location": [
      -116.532,
      -8.07352,
      0
    ]
  },
  "002_026": {
    "edges": [
      "002_025"
    ],
    "local_location": [
      -115.957,
      -3.32845,
      0
    ]
  },